original_path,public_path,classification,sha256,notes
.python-version,.python-version,preserved_environment_metadata,7b55f8e67b5623c4bef3fa691288da9437d79d3aba156de48d481db32ac7d16d,byte-for-byte copy from audited snapshot; source runtime metadata
core/logger.py,src/core/logger.py,preserved_source,e706b675cdfb5b15d713d2a36505500e4a53781fa3f6d316a7822b90646fdc61,byte-for-byte copy from audited snapshot
core/neo4j_driver.py,src/core/neo4j_driver.py,preserved_source,22f08e9accefb23854ed65fb528ff1027959e4738acceca5139fa7ea9de7c0e4,byte-for-byte copy from audited snapshot
core/timer.py,src/core/timer.py,preserved_source,787d2658c71b583dade54fdd8088d091a09bec7615e1ff8551c1574c02c029fe,byte-for-byte copy from audited snapshot
ingest/ifc_graph/graph_builder.py,src/ingest/ifc_graph/graph_builder.py,preserved_source,fc0a01eef9b05f80b422521917bf5a96e67f3335bf2f6c670d2bf9dfa335b95a,byte-for-byte copy from audited snapshot
,src/core/__init__.py,revision_added_support,01948f3283574ade80c83a8c5c0d2857ad52dd7bf399c66338354b7664d45bc6,added for reproducibility packaging; not original experimental source
,src/ingest/__init__.py,revision_added_support,01948f3283574ade80c83a8c5c0d2857ad52dd7bf399c66338354b7664d45bc6,added for reproducibility packaging; not original experimental source
,src/ingest/ifc_graph/__init__.py,revision_added_support,01948f3283574ade80c83a8c5c0d2857ad52dd7bf399c66338354b7664d45bc6,added for reproducibility packaging; not original experimental source
,scripts/run_conversion.py,revision_added_support,3eb92ef3bf43b66b68eba3fb49bab0f1cec0b222463f62e057ff9e075fc385f7,added for reproducibility packaging; not original experimental source
,scripts/reset_database.py,revision_added_support,dad5c923311a45b364b6b4583c2623f3fb14b644db982d9aab6ce26a01da4ea2,added for reproducibility packaging; not original experimental source
,scripts/verify_source_integrity.py,revision_added_support,f5c8aea722804bbfc4fb1aa2d324ed19781bd6cd3edf649d67a92d2b58ca9ec0,added for reproducibility packaging; not original experimental source
,.env.example,revision_added_support,868cdaf02e1da8275cba7c01cbc3b3b660e5b23cac8d15ad991f3dc968fdd6af,safe placeholder configuration; not original experimental source
,UPLOAD_INSTRUCTIONS.md,revision_added_support,b61436ee1faf4ed48ad5773d0642913218ac63e995a7d34836d32f079febd84d,private GitHub upload guide; not original experimental source
